{
  "model": "dinov2_vitg14",
  "results": {
    "CLS": [
      82.678,
      82.678,
      82.678
    ],
    "normal": [
      44.922000000000004,
      44.96,
      44.958
    ],
    "outlier": [
      79.838,
      79.706,
      79.86999999999999
    ]
  }
}